workerid,prolific_participant_id
167,5e7a71d39247ad018b443302
172,5f4d2b4f0bee2410475399c7
160,55895b93fdf99b6bd06017c4
176,5f5a5916d66aea0e98ed1554
192,5ffa5cf099a769414a6de319
183,5ee11eb5636ea94d3ad43e3b
203,5fc27b5a13285c0008cc71ab
205,5f8df0e2fa4f8b18a7443c7e
174,5e9402c78b4a3c252eafa204
210,5e2861fb5c6297029148b635
178,5f4958904191764a50b19320
195,5fc54f18993d8205bff2e577
166,5a718c0eff6f2300013efab2
200,5f244e0d0d7f44018faa3938
177,5ea08654ea87f206588b6b50
181,5e82bc537c45879f6f457564
168,5fca8fa91276006f329bb2b1
146,5c4b12af3b58fc00012755e8
182,5faf24dc3d8b2319a888ab60
149,5c3ea864de04ad0001d90644
189,5d422e095a696a0019afa849
201,58659bf958ca4c00018ccbea
143,5d82c130b2a176001516235a
147,602f39eea6fadac1dce150db
190,5d164e70704dfe0017fcd7a2
134,5c2a44bf10677f0001dc4975
169,56e32190e414dc000c8b40ae
162,5ff74e17306c943d6c6d866f
152,5d30dea16f058500017d0d73
132,5d716fc631cef40001ad3dbf
194,5c4c7a1a9446be00017e6b4a
198,5d28ec37d7d4940015e62beb
197,5f15fbdf2c61ce144ceeb357
157,5ee7c65630668708f3ae178e
140,5ef0d2abecae6d04de905512
138,601d6673f679b40c13de8e1a
165,5a0d8077f2e3460001edb910
158,5f372b8b5ed4a11af3a56aee
144,5feb37b4f4e233baa35e8635
184,5fd4d084b99dfe27fdaab7de
135,5f2c30b1d689ae0a4e09b401
139,5f4817cb8cb5b117546d6267
164,600edb0946cf807f2c08cf95
155,59f232c71f4f55000108a0d6
159,5cd709efe8397d0001045dd2
170,604ccb35d5ea2da059899e68
151,5dd70de43269926aec722f9b
199,5dcee367dfe9da022ea9a4ce
209,5fba9d0b11db76aa38bdc72c
204,5d88f2f8cefb52001a83f1b2
191,6042a0930d94f11ce26b2a4d
173,56b61b915cd743000e6e01c5
161,604e39a5efaad79f74e4e462
148,5df3f2c558a5c72d724a22ef
142,5fbae8831eb7d17f0d548bfe
175,5dd72efa82569a6d38e06854
145,5ee0f7d88f7e4747c83886ec
193,5c507bb6f45b26000122f2ce
133,5fbbf53902bb0c042d1c7f89
186,5bef64b373e44f0001092811
141,5ebb26803576b50eb12d87d9
180,5f7f64ffb52bcd0f0f0b71cb
188,5fb3c5177670da04a07208c1
154,5fc427a5290b57827e90fce3
153,59f1d43d24d7bf00012f17f2
137,5cbf4ab9f85e960001f00a8d
163,5d4a36e8a61675000169036f
150,5f34d7880c5b60000a51a0b0
211,602c5fd808e6c3528a8ba43b
187,5e9a753ccc244610ac6b0d87
206,6036629f8db14e5ccfb8b1a8
136,5efde01d1672e906e7bd0604
